hering,steak,artichok,olives,chicken,corned_b,apples,
olives,ice_crea,ham,turkey,artichok,bourbon,coke,
avocado,ham,corned_b,heineken,bourbon,cracker,artichok,
soda,heineken,avocado,cracker,avocado,olives,bourbon,
baguette,heineken,soda,artichok,chicken,hering,avocado,
baguette,avocado,cracker,peppers,cracker,sardines,apples,
olives,ice_crea,steak,turkey,soda,bourbon,coke,
olives,ice_crea,cracker,turkey,steak,bourbon,coke,
olives,ice_crea,heineken,turkey,baguette,bourbon,coke,
sardines,ice_crea,cracker,coke,steak,heineken,chicken,
sardines,ice_crea,turkey,coke,ham,heineken,chicken,
hering,turkey,heineken,ham,cracker,corned_b,olives,
baguette,avocado,bourbon,peppers,coke,sardines,apples,
hering,steak,chicken,olives,artichok,corned_b,apples,
olives,ice_crea,peppers,turkey,chicken,bourbon,coke,
hering,turkey,peppers,ham,baguette,corned_b,olives,
baguette,avocado,heineken,peppers,coke,sardines,apples,
corned_b,chicken,heineken,cracker,apples,peppers,bourbon,
baguette,avocado,ice_crea,peppers,soda,sardines,apples,
sardines,ice_crea,olives,coke,soda,heineken,chicken,
hering,turkey,peppers,ham,sardines,corned_b,olives,
avocado,ham,chicken,heineken,corned_b,cracker,artichok,
avocado,ham,sardines,heineken,hering,cracker,artichok,
baguette,heineken,apples,artichok,turkey,hering,avocado,
soda,heineken,bordeaux,cracker,artichok,olives,bourbon,
olives,ice_crea,bordeaux,turkey,apples,bourbon,coke,
avocado,ham,bordeaux,heineken,olives,cracker,artichok,
baguette,heineken,turkey,artichok,turkey,hering,avocado,
hering,turkey,soda,ham,bourbon,corned_b,olives,
avocado,ham,steak,heineken,steak,cracker,artichok,
hering,turkey,soda,ham,soda,corned_b,olives,
hering,steak,peppers,olives,baguette,corned_b,apples,
avocado,ham,sardines,heineken,ice_crea,cracker,artichok,
avocado,ham,apples,heineken,ice_crea,cracker,artichok,
baguette,avocado,coke,peppers,corned_b,sardines,apples,
baguette,avocado,chicken,peppers,turkey,sardines,apples,
olives,ice_crea,peppers,turkey,chicken,bourbon,coke,
baguette,heineken,ice_crea,cracker,chicken,soda,hering,
baguette,heineken,chicken,cracker,corned_b,soda,hering,
corned_b,chicken,hering,cracker,sardines,peppers,bourbon,
baguette,heineken,olives,cracker,ice_crea,soda,hering,
hering,steak,peppers,olives,ice_crea,corned_b,apples,
hering,turkey,soda,ham,apples,corned_b,olives,
olives,ice_crea,hering,turkey,heineken,bourbon,coke,
hering,steak,artichok,olives,ice_crea,corned_b,apples,
baguette,avocado,bourbon,peppers,artichok,sardines,apples,
baguette,heineken,apples,artichok,bourbon,hering,avocado,
hering,steak,cracker,olives,artichok,corned_b,apples,
olives,ice_crea,heineken,turkey,baguette,bourbon,coke,
olives,ice_crea,baguette,turkey,apples,bourbon,coke,
avocado,ham,turkey,heineken,hering,cracker,artichok,
hering,turkey,soda,ham,cracker,corned_b,olives,
hering,turkey,steak,ham,apples,corned_b,olives,
corned_b,chicken,heineken,cracker,turkey,peppers,bourbon,
soda,heineken,bordeaux,cracker,ham,olives,bourbon,
baguette,heineken,olives,cracker,avocado,soda,hering,
sardines,ice_crea,peppers,coke,bourbon,heineken,chicken,
baguette,heineken,coke,cracker,avocado,soda,hering,
avocado,ham,ice_crea,heineken,bourbon,cracker,artichok,
baguette,heineken,bourbon,artichok,apples,hering,avocado,
baguette,heineken,ice_crea,cracker,avocado,soda,hering,
baguette,heineken,turkey,artichok,steak,hering,avocado,
baguette,heineken,chicken,artichok,cracker,hering,avocado,
sardines,ice_crea,corned_b,coke,steak,heineken,chicken,
baguette,avocado,olives,peppers,ice_crea,sardines,apples,
hering,steak,coke,olives,ham,corned_b,apples,
baguette,heineken,steak,artichok,steak,hering,avocado,
soda,heineken,peppers,cracker,chicken,olives,bourbon,
hering,steak,baguette,olives,chicken,corned_b,apples,
hering,steak,sardines,olives,cracker,corned_b,apples,
avocado,ham,coke,heineken,sardines,cracker,artichok,
olives,ice_crea,cracker,turkey,baguette,bourbon,coke,
olives,ice_crea,artichok,turkey,apples,bourbon,coke,
soda,heineken,hering,cracker,steak,olives,bourbon,
sardines,ice_crea,artichok,coke,baguette,heineken,chicken,
baguette,heineken,corned_b,cracker,olives,soda,hering,
olives,ice_crea,steak,turkey,heineken,bourbon,coke,
baguette,avocado,turkey,peppers,soda,sardines,apples,
baguette,heineken,artichok,cracker,turkey,soda,hering,
avocado,ham,steak,heineken,corned_b,cracker,artichok,
olives,ice_crea,apples,turkey,artichok,bourbon,coke,
baguette,heineken,chicken,artichok,turkey,hering,avocado,
olives,ice_crea,steak,turkey,heineken,bourbon,coke,
soda,heineken,hering,cracker,steak,olives,bourbon,
hering,turkey,heineken,ham,heineken,corned_b,olives,
hering,turkey,heineken,ham,sardines,corned_b,olives,
sardines,ice_crea,olives,coke,corned_b,heineken,chicken,
hering,steak,coke,olives,cracker,corned_b,apples,
baguette,heineken,sardines,artichok,apples,hering,avocado,
corned_b,chicken,baguette,cracker,apples,peppers,bourbon,
olives,ice_crea,soda,turkey,ham,bourbon,coke,
baguette,avocado,olives,peppers,artichok,sardines,apples,
olives,ice_crea,sardines,turkey,heineken,bourbon,coke,
baguette,heineken,chicken,artichok,turkey,hering,avocado,
soda,heineken,sardines,cracker,peppers,olives,bourbon,
baguette,heineken,olives,artichok,corned_b,hering,avocado,
hering,turkey,artichok,ham,baguette,corned_b,olives,
corned_b,chicken,turkey,cracker,apples,peppers,bourbon,
sardines,ice_crea,hering,coke,ham,heineken,chicken,
hering,steak,ice_crea,olives,artichok,corned_b,apples,
corned_b,chicken,baguette,cracker,heineken,peppers,bourbon,
olives,ice_crea,heineken,turkey,cracker,bourbon,coke,
corned_b,chicken,ham,cracker,heineken,peppers,bourbon,
hering,turkey,artichok,ham,baguette,corned_b,olives,
hering,turkey,ice_crea,ham,sardines,corned_b,olives,
hering,steak,cracker,olives,coke,corned_b,apples,
corned_b,chicken,baguette,cracker,ham,peppers,bourbon,
hering,turkey,artichok,ham,steak,corned_b,olives,
avocado,ham,turkey,heineken,corned_b,cracker,artichok,
corned_b,chicken,artichok,cracker,coke,peppers,bourbon,
soda,heineken,coke,cracker,baguette,olives,bourbon,
baguette,heineken,olives,cracker,ice_crea,soda,hering,
sardines,ice_crea,bourbon,coke,avocado,heineken,chicken,
baguette,avocado,steak,peppers,olives,sardines,apples,
baguette,heineken,olives,artichok,olives,hering,avocado,
olives,ice_crea,bordeaux,turkey,heineken,bourbon,coke,
hering,turkey,heineken,ham,bourbon,corned_b,olives,
sardines,ice_crea,olives,coke,corned_b,heineken,chicken,
avocado,ham,bordeaux,heineken,hering,cracker,artichok,
hering,steak,bourbon,olives,chicken,corned_b,apples,
corned_b,chicken,heineken,cracker,turkey,peppers,bourbon,
corned_b,chicken,baguette,cracker,steak,peppers,bourbon,
baguette,avocado,heineken,peppers,corned_b,sardines,apples,
sardines,ice_crea,ham,coke,ham,heineken,chicken,
corned_b,chicken,turkey,cracker,coke,peppers,bourbon,
soda,heineken,turkey,cracker,artichok,olives,bourbon,
hering,steak,coke,olives,soda,corned_b,apples,
olives,ice_crea,heineken,turkey,apples,bourbon,coke,
corned_b,chicken,ham,cracker,heineken,peppers,bourbon,
baguette,avocado,chicken,peppers,steak,sardines,apples,
hering,turkey,steak,ham,avocado,corned_b,olives,
baguette,avocado,corned_b,peppers,steak,sardines,apples,
sardines,ice_crea,turkey,coke,hering,heineken,chicken,
baguette,heineken,peppers,artichok,peppers,hering,avocado,
hering,steak,turkey,olives,ice_crea,corned_b,apples,
olives,ice_crea,soda,turkey,corned_b,bourbon,coke,
avocado,ham,turkey,heineken,sardines,cracker,artichok,
baguette,heineken,chicken,artichok,apples,hering,avocado,
soda,heineken,coke,cracker,chicken,olives,bourbon,
baguette,heineken,ice_crea,artichok,sardines,hering,avocado,
avocado,ham,coke,heineken,soda,cracker,artichok,
sardines,ice_crea,bourbon,coke,olives,heineken,chicken,
sardines,ice_crea,bordeaux,coke,corned_b,heineken,chicken,
baguette,heineken,olives,cracker,corned_b,soda,hering,
sardines,ice_crea,ham,coke,corned_b,heineken,chicken,
baguette,heineken,avocado,cracker,ham,soda,hering,
soda,heineken,artichok,cracker,peppers,olives,bourbon,
baguette,heineken,steak,cracker,olives,soda,hering,
baguette,heineken,olives,cracker,olives,soda,hering,
sardines,ice_crea,hering,coke,corned_b,heineken,chicken,
baguette,heineken,apples,cracker,chicken,soda,hering,
sardines,ice_crea,corned_b,coke,peppers,heineken,chicken,
corned_b,chicken,heineken,cracker,ham,peppers,bourbon,
avocado,ham,corned_b,heineken,peppers,cracker,artichok,
baguette,avocado,artichok,peppers,heineken,sardines,apples,
hering,turkey,coke,ham,heineken,corned_b,olives,
hering,steak,baguette,olives,turkey,corned_b,apples,
baguette,avocado,soda,peppers,ice_crea,sardines,apples,
soda,heineken,hering,cracker,coke,olives,bourbon,
baguette,avocado,steak,peppers,turkey,sardines,apples,
hering,steak,chicken,olives,ham,corned_b,apples,
avocado,ham,turkey,heineken,olives,cracker,artichok,
baguette,avocado,hering,peppers,ice_crea,sardines,apples,
sardines,ice_crea,bordeaux,coke,hering,heineken,chicken,
soda,heineken,peppers,cracker,ham,olives,bourbon,
corned_b,chicken,soda,cracker,olives,peppers,bourbon,
hering,steak,bordeaux,olives,artichok,corned_b,apples,
baguette,heineken,bourbon,artichok,steak,hering,avocado,
soda,heineken,turkey,cracker,sardines,olives,bourbon,
baguette,avocado,bourbon,peppers,artichok,sardines,apples,
sardines,ice_crea,artichok,coke,steak,heineken,chicken,
soda,heineken,steak,cracker,ice_crea,olives,bourbon,
baguette,heineken,ice_crea,cracker,steak,soda,hering,
avocado,ham,hering,heineken,ice_crea,cracker,artichok,
baguette,avocado,bourbon,peppers,ice_crea,sardines,apples,
baguette,heineken,corned_b,cracker,ice_crea,soda,hering,
baguette,heineken,steak,artichok,corned_b,hering,avocado,
baguette,heineken,olives,cracker,apples,soda,hering,
baguette,heineken,steak,cracker,steak,soda,hering,
corned_b,chicken,avocado,cracker,soda,peppers,bourbon,
soda,heineken,artichok,cracker,steak,olives,bourbon,
soda,heineken,turkey,cracker,hering,olives,bourbon,
hering,turkey,baguette,ham,avocado,corned_b,olives,
baguette,heineken,chicken,cracker,olives,soda,hering,
soda,heineken,ice_crea,cracker,sardines,olives,bourbon,
hering,steak,turkey,olives,ice_crea,corned_b,apples,
baguette,heineken,olives,artichok,bourbon,hering,avocado,
hering,steak,soda,olives,avocado,corned_b,apples,
hering,turkey,avocado,ham,soda,corned_b,olives,
sardines,ice_crea,artichok,coke,baguette,heineken,chicken,
baguette,heineken,turkey,artichok,bourbon,hering,avocado,
hering,steak,avocado,olives,peppers,corned_b,apples,
avocado,ham,apples,heineken,baguette,cracker,artichok,
avocado,ham,chicken,heineken,bourbon,cracker,artichok,
hering,steak,bourbon,olives,bourbon,corned_b,apples,
sardines,ice_crea,cracker,coke,baguette,heineken,chicken,
soda,heineken,turkey,cracker,chicken,olives,bourbon,
corned_b,chicken,baguette,cracker,artichok,peppers,bourbon,
soda,heineken,peppers,cracker,artichok,olives,bourbon,
soda,heineken,apples,cracker,apples,olives,bourbon,
hering,steak,baguette,olives,peppers,corned_b,apples,
sardines,ice_crea,baguette,coke,artichok,heineken,chicken,
baguette,heineken,apples,cracker,artichok,soda,hering,
corned_b,chicken,ham,cracker,steak,peppers,bourbon,
baguette,avocado,bordeaux,peppers,heineken,sardines,apples,
baguette,heineken,peppers,cracker,bourbon,soda,hering,
sardines,ice_crea,soda,coke,ham,heineken,chicken,
baguette,avocado,olives,peppers,turkey,sardines,apples,
hering,turkey,baguette,ham,bourbon,corned_b,olives,
hering,turkey,coke,ham,bourbon,corned_b,olives,
olives,ice_crea,bordeaux,turkey,cracker,bourbon,coke,
hering,steak,turkey,olives,ice_crea,corned_b,apples,
hering,turkey,bordeaux,ham,baguette,corned_b,olives,
baguette,heineken,artichok,cracker,turkey,soda,hering,
soda,heineken,corned_b,cracker,apples,olives,bourbon,
olives,ice_crea,peppers,turkey,steak,bourbon,coke,
hering,steak,bordeaux,olives,ham,corned_b,apples,
sardines,ice_crea,ham,coke,bourbon,heineken,chicken,
baguette,avocado,bourbon,peppers,bourbon,sardines,apples,
olives,ice_crea,heineken,turkey,steak,bourbon,coke,
baguette,heineken,coke,cracker,olives,soda,hering,
hering,steak,avocado,olives,peppers,corned_b,apples,
hering,turkey,ice_crea,ham,soda,corned_b,olives,
baguette,heineken,peppers,cracker,peppers,soda,hering,
sardines,ice_crea,steak,coke,ham,heineken,chicken,
olives,ice_crea,apples,turkey,soda,bourbon,coke,
avocado,ham,ice_crea,heineken,apples,cracker,artichok,
baguette,heineken,artichok,cracker,apples,soda,hering,
sardines,ice_crea,soda,coke,artichok,heineken,chicken,
hering,turkey,baguette,ham,heineken,corned_b,olives,
olives,ice_crea,sardines,turkey,peppers,bourbon,coke,
sardines,ice_crea,artichok,coke,corned_b,heineken,chicken,
sardines,ice_crea,apples,coke,apples,heineken,chicken,
olives,ice_crea,peppers,turkey,peppers,bourbon,coke,
baguette,heineken,steak,artichok,chicken,hering,avocado,
baguette,avocado,corned_b,peppers,olives,sardines,apples,
olives,ice_crea,baguette,turkey,chicken,bourbon,coke,
baguette,heineken,bourbon,cracker,peppers,soda,hering,
avocado,ham,bordeaux,heineken,ice_crea,cracker,artichok,
avocado,ham,corned_b,heineken,baguette,cracker,artichok,
avocado,ham,olives,heineken,bourbon,cracker,artichok,
baguette,avocado,heineken,peppers,corned_b,sardines,apples,
olives,ice_crea,ham,turkey,corned_b,bourbon,coke,
corned_b,chicken,ice_crea,cracker,baguette,peppers,bourbon,
corned_b,chicken,steak,cracker,apples,peppers,bourbon,
baguette,avocado,steak,peppers,ice_crea,sardines,apples,
corned_b,chicken,apples,cracker,heineken,peppers,bourbon,
corned_b,chicken,baguette,cracker,coke,peppers,bourbon,
soda,heineken,peppers,cracker,avocado,olives,bourbon,
sardines,ice_crea,soda,coke,avocado,heineken,chicken,
olives,ice_crea,cracker,turkey,heineken,bourbon,coke,
hering,turkey,bourbon,ham,soda,corned_b,olives,
sardines,ice_crea,apples,coke,cracker,heineken,chicken,
corned_b,chicken,heineken,cracker,artichok,peppers,bourbon,
corned_b,chicken,bordeaux,cracker,ice_crea,peppers,bourbon,
olives,ice_crea,soda,turkey,avocado,bourbon,coke,
hering,steak,peppers,olives,peppers,corned_b,apples,
soda,heineken,apples,cracker,artichok,olives,bourbon,
avocado,ham,peppers,heineken,coke,cracker,artichok,
hering,steak,soda,olives,coke,corned_b,apples,
sardines,ice_crea,olives,coke,ham,heineken,chicken,
sardines,ice_crea,ham,coke,avocado,heineken,chicken,
baguette,heineken,sardines,cracker,sardines,soda,hering,
soda,heineken,coke,cracker,apples,olives,bourbon,
avocado,ham,coke,heineken,ice_crea,cracker,artichok,
hering,steak,bourbon,olives,coke,corned_b,apples,
soda,heineken,corned_b,cracker,peppers,olives,bourbon,
sardines,ice_crea,ham,coke,soda,heineken,chicken,
sardines,ice_crea,apples,coke,soda,heineken,chicken,
avocado,ham,sardines,heineken,corned_b,cracker,artichok,
soda,heineken,bordeaux,cracker,artichok,olives,bourbon,
sardines,ice_crea,baguette,coke,turkey,heineken,chicken,
soda,heineken,hering,cracker,coke,olives,bourbon,
soda,heineken,coke,cracker,corned_b,olives,bourbon,
avocado,ham,apples,heineken,hering,cracker,artichok,
hering,turkey,bourbon,ham,peppers,corned_b,olives,
olives,ice_crea,sardines,turkey,ham,bourbon,coke,
hering,steak,sardines,olives,chicken,corned_b,apples,
baguette,avocado,turkey,peppers,turkey,sardines,apples,
corned_b,chicken,coke,cracker,apples,peppers,bourbon,
olives,ice_crea,ham,turkey,baguette,bourbon,coke,
baguette,heineken,ham,artichok,ice_crea,hering,avocado,
avocado,ham,soda,heineken,peppers,cracker,artichok,
baguette,avocado,heineken,peppers,ham,sardines,apples,
hering,turkey,coke,ham,cracker,corned_b,olives,
baguette,heineken,steak,artichok,turkey,hering,avocado,
sardines,ice_crea,peppers,coke,bourbon,heineken,chicken,
avocado,ham,hering,heineken,peppers,cracker,artichok,
baguette,avocado,bordeaux,peppers,artichok,sardines,apples,
sardines,ice_crea,bourbon,coke,artichok,heineken,chicken,
corned_b,chicken,bordeaux,cracker,hering,peppers,bourbon,
sardines,ice_crea,bordeaux,coke,olives,heineken,chicken,
avocado,ham,bourbon,heineken,soda,cracker,artichok,
baguette,heineken,sardines,cracker,olives,soda,hering,
avocado,ham,apples,heineken,ice_crea,cracker,artichok,
baguette,heineken,chicken,cracker,peppers,soda,hering,
baguette,avocado,bourbon,peppers,chicken,sardines,apples,
baguette,heineken,steak,cracker,steak,soda,hering,
hering,steak,sardines,olives,ice_crea,corned_b,apples,
baguette,avocado,steak,peppers,bourbon,sardines,apples,
hering,steak,artichok,olives,artichok,corned_b,apples,
baguette,heineken,chicken,artichok,coke,hering,avocado,
soda,heineken,corned_b,cracker,ham,olives,bourbon,
avocado,ham,bordeaux,heineken,steak,cracker,artichok,
hering,steak,sardines,olives,bourbon,corned_b,apples,
baguette,heineken,corned_b,cracker,ham,soda,hering,
baguette,avocado,turkey,peppers,corned_b,sardines,apples,
baguette,avocado,bourbon,peppers,bourbon,sardines,apples,
baguette,heineken,steak,artichok,apples,hering,avocado,
olives,ice_crea,peppers,turkey,peppers,bourbon,coke,
hering,steak,chicken,olives,turkey,corned_b,apples,
baguette,heineken,chicken,artichok,apples,hering,avocado,
hering,steak,cracker,olives,peppers,corned_b,apples,
baguette,avocado,cracker,peppers,olives,sardines,apples,
olives,ice_crea,hering,turkey,heineken,bourbon,coke,
corned_b,chicken,hering,cracker,soda,peppers,bourbon,
sardines,ice_crea,apples,coke,ham,heineken,chicken,
corned_b,chicken,soda,cracker,artichok,peppers,bourbon,
baguette,avocado,steak,peppers,ice_crea,sardines,apples,
olives,ice_crea,sardines,turkey,apples,bourbon,coke,
avocado,ham,coke,heineken,apples,cracker,artichok,
baguette,heineken,peppers,cracker,sardines,soda,hering,
hering,turkey,bourbon,ham,sardines,corned_b,olives,
sardines,ice_crea,cracker,coke,ham,heineken,chicken,
hering,steak,ham,olives,heineken,corned_b,apples,
baguette,heineken,chicken,cracker,corned_b,soda,hering,
avocado,ham,sardines,heineken,corned_b,cracker,artichok,
olives,ice_crea,ham,turkey,baguette,bourbon,coke,
avocado,ham,sardines,heineken,steak,cracker,artichok,
sardines,ice_crea,artichok,coke,bourbon,heineken,chicken,
olives,ice_crea,peppers,turkey,soda,bourbon,coke,
baguette,avocado,turkey,peppers,cracker,sardines,apples,
sardines,ice_crea,soda,coke,baguette,heineken,chicken,
soda,heineken,turkey,cracker,steak,olives,bourbon,
baguette,heineken,bordeaux,artichok,corned_b,hering,avocado,
baguette,heineken,chicken,cracker,olives,soda,hering,
olives,ice_crea,soda,turkey,apples,bourbon,coke,
baguette,heineken,ham,artichok,corned_b,hering,avocado,
olives,ice_crea,hering,turkey,cracker,bourbon,coke,
baguette,heineken,peppers,cracker,corned_b,soda,hering,
baguette,avocado,ham,peppers,hering,sardines,apples,
soda,heineken,steak,cracker,steak,olives,bourbon,
baguette,heineken,bourbon,artichok,corned_b,hering,avocado,
sardines,ice_crea,corned_b,coke,olives,heineken,chicken,
baguette,heineken,bourbon,cracker,peppers,soda,hering,
avocado,ham,bordeaux,heineken,peppers,cracker,artichok,
soda,heineken,hering,cracker,baguette,olives,bourbon,
soda,heineken,hering,cracker,peppers,olives,bourbon,
hering,turkey,avocado,ham,heineken,corned_b,olives,
hering,turkey,artichok,ham,chicken,corned_b,olives,
hering,turkey,baguette,ham,ice_crea,corned_b,olives,
avocado,ham,hering,heineken,olives,cracker,artichok,
baguette,heineken,ice_crea,artichok,steak,hering,avocado,
avocado,ham,turkey,heineken,hering,cracker,artichok,
baguette,heineken,avocado,cracker,avocado,soda,hering,
soda,heineken,steak,cracker,chicken,olives,bourbon,
baguette,heineken,olives,cracker,avocado,soda,hering,
sardines,ice_crea,avocado,coke,peppers,heineken,chicken,
olives,ice_crea,artichok,turkey,cracker,bourbon,coke,
hering,turkey,chicken,ham,sardines,corned_b,olives,
baguette,heineken,apples,cracker,olives,soda,hering,
soda,heineken,steak,cracker,hering,olives,bourbon,
sardines,ice_crea,baguette,coke,olives,heineken,chicken,
baguette,avocado,corned_b,peppers,olives,sardines,apples,
sardines,ice_crea,peppers,coke,cracker,heineken,chicken,
avocado,ham,steak,heineken,steak,cracker,artichok,
olives,ice_crea,artichok,turkey,ham,bourbon,coke,
hering,turkey,bourbon,ham,cracker,corned_b,olives,
hering,turkey,artichok,ham,cracker,corned_b,olives,
corned_b,chicken,soda,cracker,ice_crea,peppers,bourbon,
olives,ice_crea,steak,turkey,ham,bourbon,coke,
hering,turkey,artichok,ham,bourbon,corned_b,olives,
sardines,ice_crea,bordeaux,coke,cracker,heineken,chicken,
corned_b,chicken,heineken,cracker,artichok,peppers,bourbon,
baguette,heineken,steak,artichok,turkey,hering,avocado,
sardines,ice_crea,cracker,coke,soda,heineken,chicken,
baguette,heineken,olives,artichok,cracker,hering,avocado,
baguette,heineken,peppers,cracker,avocado,soda,hering,
hering,steak,coke,olives,heineken,corned_b,apples,
sardines,ice_crea,bordeaux,coke,steak,heineken,chicken,
avocado,ham,ice_crea,heineken,olives,cracker,artichok,
baguette,avocado,ice_crea,peppers,bourbon,sardines,apples,
hering,steak,bourbon,olives,avocado,corned_b,apples,
corned_b,chicken,hering,cracker,coke,peppers,bourbon,
hering,turkey,bordeaux,ham,peppers,corned_b,olives,
sardines,ice_crea,turkey,coke,ham,heineken,chicken,
sardines,ice_crea,bourbon,coke,soda,heineken,chicken,
olives,ice_crea,soda,turkey,sardines,bourbon,coke,
baguette,heineken,peppers,artichok,ham,hering,avocado,
sardines,ice_crea,ham,coke,corned_b,heineken,chicken,
sardines,ice_crea,bourbon,coke,peppers,heineken,chicken,
hering,turkey,baguette,ham,artichok,corned_b,olives,
baguette,avocado,chicken,peppers,hering,sardines,apples,
hering,turkey,chicken,ham,coke,corned_b,olives,
olives,ice_crea,cracker,turkey,baguette,bourbon,coke,
soda,heineken,ham,cracker,peppers,olives,bourbon,
sardines,ice_crea,ham,coke,baguette,heineken,chicken,
sardines,ice_crea,peppers,coke,bourbon,heineken,chicken,
soda,heineken,artichok,cracker,ham,olives,bourbon,
hering,steak,ice_crea,olives,soda,corned_b,apples,
olives,ice_crea,peppers,turkey,artichok,bourbon,coke,
baguette,heineken,ham,cracker,apples,soda,hering,
avocado,ham,baguette,heineken,corned_b,cracker,artichok,
baguette,avocado,olives,peppers,cracker,sardines,apples,
olives,ice_crea,peppers,turkey,apples,bourbon,coke,
baguette,heineken,avocado,cracker,chicken,soda,hering,
hering,turkey,sardines,ham,steak,corned_b,olives,
soda,heineken,coke,cracker,ham,olives,bourbon,
hering,turkey,peppers,ham,cracker,corned_b,olives,
hering,steak,heineken,olives,ham,corned_b,apples,
baguette,heineken,apples,cracker,ham,soda,hering,
baguette,heineken,chicken,artichok,bourbon,hering,avocado,
olives,ice_crea,heineken,turkey,baguette,bourbon,coke,
soda,heineken,hering,cracker,apples,olives,bourbon,
soda,heineken,turkey,cracker,corned_b,olives,bourbon,
olives,ice_crea,baguette,turkey,steak,bourbon,coke,
avocado,ham,steak,heineken,olives,cracker,artichok,
baguette,heineken,ice_crea,artichok,soda,hering,avocado,
soda,heineken,sardines,cracker,coke,olives,bourbon,
hering,turkey,coke,ham,apples,corned_b,olives,
baguette,heineken,coke,artichok,steak,hering,avocado,
baguette,avocado,artichok,peppers,cracker,sardines,apples,
baguette,avocado,steak,peppers,corned_b,sardines,apples,
baguette,heineken,peppers,cracker,ice_crea,soda,hering,
soda,heineken,steak,cracker,hering,olives,bourbon,
corned_b,chicken,baguette,cracker,steak,peppers,bourbon,
hering,turkey,bordeaux,ham,baguette,corned_b,olives,
olives,ice_crea,ham,turkey,baguette,bourbon,coke,
baguette,heineken,corned_b,artichok,steak,hering,avocado,
sardines,ice_crea,bourbon,coke,turkey,heineken,chicken,
sardines,ice_crea,hering,coke,artichok,heineken,chicken,
hering,turkey,cracker,ham,avocado,corned_b,olives,
sardines,ice_crea,bordeaux,coke,baguette,heineken,chicken,
baguette,avocado,hering,peppers,ham,sardines,apples,
baguette,heineken,olives,artichok,peppers,hering,avocado,
avocado,ham,corned_b,heineken,chicken,cracker,artichok,
baguette,heineken,bordeaux,artichok,sardines,hering,avocado,
olives,ice_crea,cracker,turkey,baguette,bourbon,coke,
corned_b,chicken,heineken,cracker,sardines,peppers,bourbon,
hering,steak,ham,olives,heineken,corned_b,apples,
baguette,heineken,olives,artichok,apples,hering,avocado,
baguette,heineken,apples,artichok,corned_b,hering,avocado,
baguette,heineken,turkey,cracker,artichok,soda,hering,
baguette,heineken,chicken,cracker,turkey,soda,hering,
avocado,ham,bourbon,heineken,peppers,cracker,artichok,
soda,heineken,ice_crea,cracker,peppers,olives,bourbon,
avocado,ham,peppers,heineken,ice_crea,cracker,artichok,
hering,turkey,bordeaux,ham,ice_crea,corned_b,olives,
hering,steak,soda,olives,baguette,corned_b,apples,
baguette,avocado,corned_b,peppers,cracker,sardines,apples,
baguette,heineken,steak,cracker,corned_b,soda,hering,
olives,ice_crea,heineken,turkey,soda,bourbon,coke,
baguette,heineken,cracker,artichok,apples,hering,avocado,
hering,steak,avocado,olives,peppers,corned_b,apples,
soda,heineken,peppers,cracker,apples,olives,bourbon,
sardines,ice_crea,artichok,coke,turkey,heineken,chicken,
corned_b,chicken,coke,cracker,hering,peppers,bourbon,
soda,heineken,steak,cracker,sardines,olives,bourbon,
hering,turkey,steak,ham,sardines,corned_b,olives,
baguette,heineken,cracker,artichok,sardines,hering,avocado,
baguette,heineken,steak,cracker,artichok,soda,hering,
baguette,heineken,corned_b,cracker,artichok,soda,hering,
hering,steak,chicken,olives,artichok,corned_b,apples,
baguette,heineken,sardines,artichok,peppers,hering,avocado,
soda,heineken,coke,cracker,ice_crea,olives,bourbon,
avocado,ham,bordeaux,heineken,soda,cracker,artichok,
avocado,ham,bordeaux,heineken,chicken,cracker,artichok,
baguette,heineken,soda,artichok,ham,hering,avocado,
baguette,heineken,olives,cracker,apples,soda,hering,
hering,turkey,avocado,ham,apples,corned_b,olives,
corned_b,chicken,ice_crea,cracker,ice_crea,peppers,bourbon,
corned_b,chicken,olives,cracker,turkey,peppers,bourbon,
hering,steak,ham,olives,avocado,corned_b,apples,
soda,heineken,bordeaux,cracker,avocado,olives,bourbon,
avocado,ham,turkey,heineken,sardines,cracker,artichok,
baguette,heineken,steak,cracker,avocado,soda,hering,
olives,ice_crea,apples,turkey,sardines,bourbon,coke,
olives,ice_crea,chicken,turkey,cracker,bourbon,coke,
baguette,heineken,bourbon,cracker,sardines,soda,hering,
soda,heineken,ice_crea,cracker,turkey,olives,bourbon,
hering,turkey,heineken,ham,soda,corned_b,olives,
soda,heineken,steak,cracker,baguette,olives,bourbon,
soda,heineken,steak,cracker,artichok,olives,bourbon,
soda,heineken,corned_b,cracker,steak,olives,bourbon,
sardines,ice_crea,ham,coke,peppers,heineken,chicken,
hering,turkey,peppers,ham,cracker,corned_b,olives,
avocado,ham,corned_b,heineken,sardines,cracker,artichok,
olives,ice_crea,steak,turkey,chicken,bourbon,coke,
corned_b,chicken,turkey,cracker,apples,peppers,bourbon,
baguette,avocado,soda,peppers,coke,sardines,apples,
avocado,ham,olives,heineken,chicken,cracker,artichok,
hering,turkey,heineken,ham,artichok,corned_b,olives,
baguette,avocado,ice_crea,peppers,ice_crea,sardines,apples,
soda,heineken,ham,cracker,baguette,olives,bourbon,
sardines,ice_crea,corned_b,coke,apples,heineken,chicken,
baguette,heineken,peppers,cracker,apples,soda,hering,
olives,ice_crea,soda,turkey,sardines,bourbon,coke,
sardines,ice_crea,soda,coke,bourbon,heineken,chicken,
hering,turkey,soda,ham,peppers,corned_b,olives,
avocado,ham,bordeaux,heineken,corned_b,cracker,artichok,
corned_b,chicken,olives,cracker,ham,peppers,bourbon,
baguette,heineken,apples,artichok,apples,hering,avocado,
baguette,avocado,hering,peppers,cracker,sardines,apples,
hering,steak,cracker,olives,sardines,corned_b,apples,
hering,steak,avocado,olives,turkey,corned_b,apples,
sardines,ice_crea,avocado,coke,olives,heineken,chicken,
sardines,ice_crea,peppers,coke,peppers,heineken,chicken,
baguette,avocado,soda,peppers,olives,sardines,apples,
soda,heineken,corned_b,cracker,hering,olives,bourbon,
hering,turkey,chicken,ham,apples,corned_b,olives,
hering,turkey,bourbon,ham,heineken,corned_b,olives,
baguette,heineken,turkey,cracker,sardines,soda,hering,
olives,ice_crea,cracker,turkey,chicken,bourbon,coke,
baguette,heineken,coke,artichok,turkey,hering,avocado,
baguette,heineken,bourbon,cracker,peppers,soda,hering,
baguette,heineken,bordeaux,artichok,soda,hering,avocado,
baguette,avocado,corned_b,peppers,coke,sardines,apples,
soda,heineken,baguette,cracker,peppers,olives,bourbon,
corned_b,chicken,heineken,cracker,apples,peppers,bourbon,
soda,heineken,bordeaux,cracker,baguette,olives,bourbon,
baguette,heineken,bordeaux,cracker,coke,soda,hering,
avocado,ham,sardines,heineken,peppers,cracker,artichok,
olives,ice_crea,bordeaux,turkey,corned_b,bourbon,coke,
hering,steak,bourbon,olives,heineken,corned_b,apples,
baguette,avocado,heineken,peppers,ice_crea,sardines,apples,
avocado,ham,coke,heineken,soda,cracker,artichok,
hering,turkey,bourbon,ham,bourbon,corned_b,olives,
hering,steak,ice_crea,olives,baguette,corned_b,apples,
sardines,ice_crea,apples,coke,apples,heineken,chicken,
hering,turkey,apples,ham,ice_crea,corned_b,olives,
avocado,ham,hering,heineken,steak,cracker,artichok,
hering,turkey,peppers,ham,apples,corned_b,olives,
avocado,ham,bourbon,heineken,hering,cracker,artichok,
soda,heineken,corned_b,cracker,baguette,olives,bourbon,
olives,ice_crea,peppers,turkey,avocado,bourbon,coke,
hering,turkey,apples,ham,baguette,corned_b,olives,
hering,steak,bordeaux,olives,artichok,corned_b,apples,
hering,steak,sardines,olives,peppers,corned_b,apples,
hering,turkey,coke,ham,apples,corned_b,olives,
avocado,ham,turkey,heineken,ice_crea,cracker,artichok,
sardines,ice_crea,corned_b,coke,corned_b,heineken,chicken,
olives,ice_crea,baguette,turkey,heineken,bourbon,coke,
baguette,heineken,sardines,cracker,avocado,soda,hering,
baguette,heineken,apples,cracker,steak,soda,hering,
soda,heineken,sardines,cracker,avocado,olives,bourbon,
avocado,ham,corned_b,heineken,sardines,cracker,artichok,
soda,heineken,apples,cracker,sardines,olives,bourbon,
soda,heineken,baguette,cracker,artichok,olives,bourbon,
olives,ice_crea,apples,turkey,baguette,bourbon,coke,
avocado,ham,bourbon,heineken,apples,cracker,artichok,
sardines,ice_crea,avocado,coke,ham,heineken,chicken,
baguette,heineken,bourbon,artichok,chicken,hering,avocado,
baguette,heineken,bordeaux,artichok,soda,hering,avocado,
baguette,heineken,chicken,artichok,peppers,hering,avocado,
hering,steak,bordeaux,olives,cracker,corned_b,apples,
hering,turkey,coke,ham,sardines,corned_b,olives,
baguette,heineken,bourbon,cracker,ice_crea,soda,hering,
hering,turkey,apples,ham,avocado,corned_b,olives,
baguette,heineken,apples,cracker,sardines,soda,hering,
hering,turkey,ice_crea,ham,steak,corned_b,olives,
baguette,heineken,steak,cracker,ham,soda,hering,
baguette,avocado,artichok,peppers,artichok,sardines,apples,
avocado,ham,turkey,heineken,chicken,cracker,artichok,
baguette,heineken,turkey,artichok,chicken,hering,avocado,
olives,ice_crea,steak,turkey,artichok,bourbon,coke,
hering,turkey,baguette,ham,apples,corned_b,olives,
baguette,heineken,avocado,cracker,artichok,soda,hering,
sardines,ice_crea,olives,coke,bourbon,heineken,chicken,
hering,steak,bourbon,olives,peppers,corned_b,apples,
hering,steak,ham,olives,baguette,corned_b,apples,
hering,steak,soda,olives,artichok,corned_b,apples,
hering,steak,chicken,olives,ice_crea,corned_b,apples,
olives,ice_crea,artichok,turkey,ham,bourbon,coke,
baguette,heineken,corned_b,artichok,chicken,hering,avocado,
corned_b,chicken,turkey,cracker,apples,peppers,bourbon,
soda,heineken,ham,cracker,hering,olives,bourbon,
soda,heineken,ham,cracker,turkey,olives,bourbon,
avocado,ham,olives,heineken,coke,cracker,artichok,
hering,steak,chicken,olives,coke,corned_b,apples,
corned_b,chicken,hering,cracker,steak,peppers,bourbon,
olives,ice_crea,sardines,turkey,steak,bourbon,coke,
soda,heineken,ham,cracker,avocado,olives,bourbon,
hering,turkey,coke,ham,apples,corned_b,olives,
corned_b,chicken,heineken,cracker,sardines,peppers,bourbon,
hering,turkey,apples,ham,bourbon,corned_b,olives,
baguette,heineken,bordeaux,cracker,peppers,soda,hering,
sardines,ice_crea,artichok,coke,steak,heineken,chicken,
baguette,avocado,bourbon,peppers,soda,sardines,apples,
baguette,heineken,bourbon,cracker,sardines,soda,hering,
sardines,ice_crea,avocado,coke,baguette,heineken,chicken,
hering,turkey,ice_crea,ham,ice_crea,corned_b,olives,
baguette,heineken,turkey,cracker,bourbon,soda,hering,
baguette,heineken,bordeaux,artichok,ham,hering,avocado,
baguette,heineken,turkey,cracker,turkey,soda,hering,
soda,heineken,chicken,cracker,apples,olives,bourbon,
avocado,ham,turkey,heineken,ice_crea,cracker,artichok,
hering,steak,bordeaux,olives,ham,corned_b,apples,
olives,ice_crea,peppers,turkey,hering,bourbon,coke,
baguette,heineken,ham,cracker,bourbon,soda,hering,
baguette,heineken,bourbon,cracker,olives,soda,hering,
baguette,avocado,coke,peppers,cracker,sardines,apples,
baguette,heineken,chicken,cracker,ice_crea,soda,hering,
baguette,heineken,peppers,artichok,ham,hering,avocado,
corned_b,chicken,steak,cracker,baguette,peppers,bourbon,
corned_b,chicken,olives,cracker,artichok,peppers,bourbon,
corned_b,chicken,steak,cracker,turkey,peppers,bourbon,
corned_b,chicken,bordeaux,cracker,ice_crea,peppers,bourbon,
sardines,ice_crea,cracker,coke,baguette,heineken,chicken,
hering,turkey,chicken,ham,peppers,corned_b,olives,
baguette,heineken,corned_b,artichok,apples,hering,avocado,
baguette,heineken,avocado,cracker,steak,soda,hering,
baguette,avocado,corned_b,peppers,soda,sardines,apples,
soda,heineken,corned_b,cracker,hering,olives,bourbon,
olives,ice_crea,cracker,turkey,corned_b,bourbon,coke,
corned_b,chicken,ham,cracker,avocado,peppers,bourbon,
olives,ice_crea,ham,turkey,apples,bourbon,coke,
sardines,ice_crea,hering,coke,hering,heineken,chicken,
sardines,ice_crea,olives,coke,peppers,heineken,chicken,
corned_b,chicken,heineken,cracker,avocado,peppers,bourbon,
baguette,heineken,avocado,cracker,steak,soda,hering,
olives,ice_crea,corned_b,turkey,cracker,bourbon,coke,
baguette,avocado,hering,peppers,soda,sardines,apples,
hering,steak,bourbon,olives,heineken,corned_b,apples,
sardines,ice_crea,hering,coke,peppers,heineken,chicken,
olives,ice_crea,steak,turkey,heineken,bourbon,coke,
sardines,ice_crea,hering,coke,apples,heineken,chicken,
sardines,ice_crea,baguette,coke,artichok,heineken,chicken,
hering,turkey,chicken,ham,bourbon,corned_b,olives,
sardines,ice_crea,bordeaux,coke,olives,heineken,chicken,
avocado,ham,bordeaux,heineken,coke,cracker,artichok,
avocado,ham,baguette,heineken,coke,cracker,artichok,
baguette,heineken,avocado,cracker,steak,soda,hering,
hering,turkey,cracker,ham,chicken,corned_b,olives,
corned_b,chicken,olives,cracker,olives,peppers,bourbon,
avocado,ham,ice_crea,heineken,corned_b,cracker,artichok,
baguette,avocado,heineken,peppers,hering,sardines,apples,
avocado,ham,corned_b,heineken,chicken,cracker,artichok,
sardines,ice_crea,steak,coke,cracker,heineken,chicken,
hering,turkey,apples,ham,steak,corned_b,olives,
soda,heineken,chicken,cracker,ice_crea,olives,bourbon,
hering,turkey,soda,ham,cracker,corned_b,olives,
baguette,heineken,bourbon,cracker,corned_b,soda,hering,
sardines,ice_crea,steak,coke,hering,heineken,chicken,
hering,steak,bordeaux,olives,turkey,corned_b,apples,
baguette,heineken,bourbon,artichok,ham,hering,avocado,
baguette,heineken,coke,cracker,ice_crea,soda,hering,
corned_b,chicken,steak,cracker,apples,peppers,bourbon,
olives,ice_crea,ham,turkey,peppers,bourbon,coke,
olives,ice_crea,cracker,turkey,baguette,bourbon,coke,
baguette,heineken,ham,cracker,sardines,soda,hering,
corned_b,chicken,bordeaux,cracker,ice_crea,peppers,bourbon,
corned_b,chicken,soda,cracker,sardines,peppers,bourbon,
olives,ice_crea,corned_b,turkey,apples,bourbon,coke,
baguette,avocado,coke,peppers,ice_crea,sardines,apples,
olives,ice_crea,bordeaux,turkey,apples,bourbon,coke,
olives,ice_crea,apples,turkey,baguette,bourbon,coke,
hering,turkey,peppers,ham,ice_crea,corned_b,olives,
olives,ice_crea,bordeaux,turkey,soda,bourbon,coke,
baguette,avocado,turkey,peppers,ice_crea,sardines,apples,
sardines,ice_crea,avocado,coke,cracker,heineken,chicken,
corned_b,chicken,ice_crea,cracker,apples,peppers,bourbon,
hering,steak,artichok,olives,avocado,corned_b,apples,
baguette,heineken,artichok,cracker,chicken,soda,hering,
soda,heineken,chicken,cracker,apples,olives,bourbon,
corned_b,chicken,artichok,cracker,hering,peppers,bourbon,
olives,ice_crea,artichok,turkey,apples,bourbon,coke,
baguette,heineken,bordeaux,cracker,ice_crea,soda,hering,
corned_b,chicken,artichok,cracker,artichok,peppers,bourbon,
hering,steak,turkey,olives,baguette,corned_b,apples,
hering,steak,bordeaux,olives,coke,corned_b,apples,
olives,ice_crea,sardines,turkey,soda,bourbon,coke,
hering,turkey,bordeaux,ham,peppers,corned_b,olives,
hering,steak,baguette,olives,bourbon,corned_b,apples,
hering,steak,artichok,olives,sardines,corned_b,apples,
sardines,ice_crea,cracker,coke,ham,heineken,chicken,
soda,heineken,bordeaux,cracker,ice_crea,olives,bourbon,
hering,steak,coke,olives,artichok,corned_b,apples,
hering,turkey,bourbon,ham,soda,corned_b,olives,
hering,turkey,baguette,ham,soda,corned_b,olives,
corned_b,chicken,baguette,cracker,soda,peppers,bourbon,
sardines,ice_crea,apples,coke,ham,heineken,chicken,
avocado,ham,soda,heineken,steak,cracker,artichok,
corned_b,chicken,soda,cracker,hering,peppers,bourbon,
hering,steak,ham,olives,heineken,corned_b,apples,
avocado,ham,bourbon,heineken,apples,cracker,artichok,
soda,heineken,chicken,cracker,hering,olives,bourbon,
corned_b,chicken,ham,cracker,hering,peppers,bourbon,
baguette,heineken,sardines,artichok,apples,hering,avocado,
hering,turkey,artichok,ham,avocado,corned_b,olives,
corned_b,chicken,apples,cracker,coke,peppers,bourbon,
hering,steak,sardines,olives,soda,corned_b,apples,
sardines,ice_crea,apples,coke,corned_b,heineken,chicken,
baguette,avocado,steak,peppers,turkey,sardines,apples,
baguette,heineken,peppers,cracker,chicken,soda,hering,
corned_b,chicken,apples,cracker,coke,peppers,bourbon,
baguette,heineken,steak,cracker,chicken,soda,hering,
avocado,ham,soda,heineken,peppers,cracker,artichok,
soda,heineken,bordeaux,cracker,chicken,olives,bourbon,
soda,heineken,peppers,cracker,turkey,olives,bourbon,
sardines,ice_crea,cracker,coke,peppers,heineken,chicken,
sardines,ice_crea,baguette,coke,steak,heineken,chicken,
baguette,heineken,bourbon,artichok,bourbon,hering,avocado,
hering,steak,peppers,olives,peppers,corned_b,apples,
avocado,ham,peppers,heineken,corned_b,cracker,artichok,
baguette,avocado,turkey,peppers,ham,sardines,apples,
corned_b,chicken,baguette,cracker,heineken,peppers,bourbon,
hering,turkey,avocado,ham,steak,corned_b,olives,
sardines,ice_crea,hering,coke,apples,heineken,chicken,
corned_b,chicken,apples,cracker,soda,peppers,bourbon,
baguette,avocado,bordeaux,peppers,cracker,sardines,apples,
hering,turkey,heineken,ham,bourbon,corned_b,olives,
olives,ice_crea,avocado,turkey,sardines,bourbon,coke,
baguette,heineken,ham,artichok,apples,hering,avocado,
baguette,heineken,avocado,cracker,peppers,soda,hering,
baguette,heineken,cracker,artichok,cracker,hering,avocado,
sardines,ice_crea,artichok,coke,steak,heineken,chicken,
avocado,ham,apples,heineken,soda,cracker,artichok,
soda,heineken,apples,cracker,corned_b,olives,bourbon,
baguette,heineken,chicken,cracker,steak,soda,hering,
avocado,ham,corned_b,heineken,olives,cracker,artichok,
hering,turkey,bourbon,ham,heineken,corned_b,olives,
sardines,ice_crea,apples,coke,turkey,heineken,chicken,
sardines,ice_crea,apples,coke,artichok,heineken,chicken,
corned_b,chicken,steak,cracker,soda,peppers,bourbon,
corned_b,chicken,artichok,cracker,artichok,peppers,bourbon,
olives,ice_crea,hering,turkey,artichok,bourbon,coke,
baguette,heineken,steak,cracker,sardines,soda,hering,
hering,steak,baguette,olives,ham,corned_b,apples,
avocado,ham,sardines,heineken,turkey,cracker,artichok,
baguette,avocado,steak,peppers,cracker,sardines,apples,
hering,steak,heineken,olives,sardines,corned_b,apples,
avocado,ham,apples,heineken,chicken,cracker,artichok,
corned_b,chicken,avocado,cracker,sardines,peppers,bourbon,
hering,turkey,apples,ham,steak,corned_b,olives,
avocado,ham,apples,heineken,peppers,cracker,artichok,
soda,heineken,baguette,cracker,hering,olives,bourbon,
hering,steak,avocado,olives,ham,corned_b,apples,
hering,turkey,steak,ham,heineken,corned_b,olives,
baguette,heineken,turkey,cracker,steak,soda,hering,
baguette,avocado,ice_crea,peppers,olives,sardines,apples,
hering,steak,sardines,olives,chicken,corned_b,apples,
soda,heineken,apples,cracker,corned_b,olives,bourbon,
hering,steak,bordeaux,olives,avocado,corned_b,apples,
baguette,avocado,coke,peppers,steak,sardines,apples,
baguette,avocado,corned_b,peppers,cracker,sardines,apples,
hering,turkey,soda,ham,avocado,corned_b,olives,
corned_b,chicken,sardines,cracker,ham,peppers,bourbon,
avocado,ham,olives,heineken,steak,cracker,artichok,
corned_b,chicken,heineken,cracker,apples,peppers,bourbon,
baguette,heineken,corned_b,cracker,ham,soda,hering,
soda,heineken,sardines,cracker,chicken,olives,bourbon,
baguette,avocado,cracker,peppers,heineken,sardines,apples,
baguette,avocado,bourbon,peppers,olives,sardines,apples,
sardines,ice_crea,bordeaux,coke,bourbon,heineken,chicken,
baguette,heineken,ham,artichok,chicken,hering,avocado,
baguette,heineken,steak,artichok,sardines,hering,avocado,
baguette,heineken,corned_b,cracker,ham,soda,hering,
olives,ice_crea,steak,turkey,steak,bourbon,coke,
baguette,avocado,olives,peppers,heineken,sardines,apples,
avocado,ham,olives,heineken,ice_crea,cracker,artichok,
hering,turkey,steak,ham,steak,corned_b,olives,
hering,turkey,cracker,ham,avocado,corned_b,olives,
baguette,avocado,cracker,peppers,steak,sardines,apples,
olives,ice_crea,ham,turkey,corned_b,bourbon,coke,
baguette,heineken,olives,artichok,corned_b,hering,avocado,
hering,steak,sardines,olives,heineken,corned_b,apples,
hering,steak,bordeaux,olives,baguette,corned_b,apples,
baguette,heineken,corned_b,cracker,sardines,soda,hering,
baguette,avocado,soda,peppers,olives,sardines,apples,
baguette,heineken,artichok,cracker,peppers,soda,hering,
baguette,heineken,corned_b,cracker,turkey,soda,hering,
baguette,heineken,apples,artichok,corned_b,hering,avocado,
hering,steak,chicken,olives,soda,corned_b,apples,
baguette,heineken,sardines,cracker,artichok,soda,hering,
hering,turkey,peppers,ham,avocado,corned_b,olives,
sardines,ice_crea,artichok,coke,bourbon,heineken,chicken,
baguette,heineken,coke,artichok,turkey,hering,avocado,
soda,heineken,artichok,cracker,coke,olives,bourbon,
soda,heineken,ice_crea,cracker,ice_crea,olives,bourbon,
olives,ice_crea,hering,turkey,ham,bourbon,coke,
avocado,ham,peppers,heineken,steak,cracker,artichok,
baguette,heineken,ham,cracker,sardines,soda,hering,
baguette,heineken,apples,artichok,soda,hering,avocado,
sardines,ice_crea,bourbon,coke,corned_b,heineken,chicken,
hering,turkey,soda,ham,steak,corned_b,olives,
avocado,ham,steak,heineken,hering,cracker,artichok,
soda,heineken,peppers,cracker,steak,olives,bourbon,
baguette,heineken,bordeaux,artichok,peppers,hering,avocado,
corned_b,chicken,artichok,cracker,heineken,peppers,bourbon,
sardines,ice_crea,artichok,coke,turkey,heineken,chicken,
baguette,heineken,apples,artichok,apples,hering,avocado,
hering,steak,ham,olives,baguette,corned_b,apples,
soda,heineken,steak,cracker,corned_b,olives,bourbon,
baguette,heineken,soda,artichok,olives,hering,avocado,
baguette,avocado,bordeaux,peppers,coke,sardines,apples,
baguette,heineken,corned_b,cracker,avocado,soda,hering,
hering,steak,ham,olives,ham,corned_b,apples,
hering,turkey,heineken,ham,heineken,corned_b,olives,
baguette,heineken,artichok,cracker,turkey,soda,hering,
soda,heineken,hering,cracker,hering,olives,bourbon,
corned_b,chicken,apples,cracker,baguette,peppers,bourbon,
baguette,heineken,bourbon,artichok,corned_b,hering,avocado,
baguette,heineken,peppers,cracker,chicken,soda,hering,
baguette,heineken,sardines,artichok,corned_b,hering,avocado,
baguette,avocado,steak,peppers,heineken,sardines,apples,
baguette,avocado,cracker,peppers,bourbon,sardines,apples,
baguette,heineken,soda,artichok,olives,hering,avocado,
sardines,ice_crea,bordeaux,coke,olives,heineken,chicken,
corned_b,chicken,apples,cracker,heineken,peppers,bourbon,
soda,heineken,turkey,cracker,hering,olives,bourbon,
olives,ice_crea,ham,turkey,artichok,bourbon,coke,
hering,steak,bordeaux,olives,avocado,corned_b,apples,
corned_b,chicken,steak,cracker,ham,peppers,bourbon,
avocado,ham,soda,heineken,steak,cracker,artichok,
baguette,heineken,coke,cracker,coke,soda,hering,
corned_b,chicken,olives,cracker,ice_crea,peppers,bourbon,
baguette,avocado,bourbon,peppers,bourbon,sardines,apples,
avocado,ham,sardines,heineken,sardines,cracker,artichok,
hering,turkey,peppers,ham,ice_crea,corned_b,olives,
olives,ice_crea,peppers,turkey,steak,bourbon,coke,
avocado,ham,hering,heineken,chicken,cracker,artichok,
olives,ice_crea,soda,turkey,sardines,bourbon,coke,
hering,turkey,cracker,ham,baguette,corned_b,olives,
hering,turkey,chicken,ham,ice_crea,corned_b,olives,
baguette,heineken,coke,cracker,coke,soda,hering,
sardines,ice_crea,corned_b,coke,bourbon,heineken,chicken,
baguette,avocado,bordeaux,peppers,coke,sardines,apples,
corned_b,chicken,apples,cracker,olives,peppers,bourbon,
sardines,ice_crea,baguette,coke,bourbon,heineken,chicken,
sardines,ice_crea,hering,coke,bourbon,heineken,chicken,
sardines,ice_crea,hering,coke,bourbon,heineken,chicken,
baguette,avocado,bourbon,peppers,cracker,sardines,apples,
hering,turkey,avocado,ham,artichok,corned_b,olives,
sardines,ice_crea,peppers,coke,olives,heineken,chicken,
sardines,ice_crea,cracker,coke,apples,heineken,chicken,
baguette,heineken,olives,cracker,avocado,soda,hering,
baguette,heineken,bordeaux,artichok,soda,hering,avocado,
baguette,heineken,peppers,cracker,coke,soda,hering,
soda,heineken,chicken,cracker,baguette,olives,bourbon,
soda,heineken,ice_crea,cracker,apples,olives,bourbon,
baguette,heineken,apples,artichok,peppers,hering,avocado,
baguette,heineken,bordeaux,artichok,cracker,hering,avocado,
soda,heineken,bordeaux,cracker,chicken,olives,bourbon,
baguette,heineken,bordeaux,artichok,cracker,hering,avocado,
soda,heineken,avocado,cracker,chicken,olives,bourbon,
olives,ice_crea,corned_b,turkey,sardines,bourbon,coke,
soda,heineken,baguette,cracker,chicken,olives,bourbon,
baguette,heineken,corned_b,artichok,cracker,hering,avocado,
hering,turkey,chicken,ham,coke,corned_b,olives,
avocado,ham,soda,heineken,bourbon,cracker,artichok,
sardines,ice_crea,turkey,coke,bourbon,heineken,chicken,
corned_b,chicken,coke,cracker,hering,peppers,bourbon,
baguette,heineken,apples,cracker,sardines,soda,hering,
baguette,avocado,chicken,peppers,artichok,sardines,apples,
avocado,ham,steak,heineken,chicken,cracker,artichok,
soda,heineken,bordeaux,cracker,avocado,olives,bourbon,
hering,steak,avocado,olives,avocado,corned_b,apples,
hering,steak,ham,olives,coke,corned_b,apples,
baguette,heineken,avocado,cracker,bourbon,soda,hering,
olives,ice_crea,chicken,turkey,chicken,bourbon,coke,
hering,turkey,bordeaux,ham,steak,corned_b,olives,
sardines,ice_crea,olives,coke,cracker,heineken,chicken,
avocado,ham,ice_crea,heineken,bourbon,cracker,artichok,
corned_b,chicken,ice_crea,cracker,hering,peppers,bourbon,
soda,heineken,peppers,cracker,chicken,olives,bourbon,
soda,heineken,apples,cracker,steak,olives,bourbon,
baguette,heineken,artichok,cracker,chicken,soda,hering,
baguette,heineken,bourbon,cracker,corned_b,soda,hering,
olives,ice_crea,hering,turkey,sardines,bourbon,coke,
avocado,ham,hering,heineken,turkey,cracker,artichok,
hering,turkey,ice_crea,ham,artichok,corned_b,olives,
corned_b,chicken,steak,cracker,steak,peppers,bourbon,
corned_b,chicken,artichok,cracker,artichok,peppers,bourbon,
hering,turkey,coke,ham,ice_crea,corned_b,olives,
avocado,ham,chicken,heineken,soda,cracker,artichok,
baguette,heineken,bourbon,artichok,corned_b,hering,avocado,
sardines,ice_crea,corned_b,coke,turkey,heineken,chicken,
olives,ice_crea,bordeaux,turkey,ham,bourbon,coke,
baguette,heineken,olives,artichok,cracker,hering,avocado,
soda,heineken,corned_b,cracker,chicken,olives,bourbon,
soda,heineken,hering,cracker,coke,olives,bourbon,
baguette,heineken,ice_crea,cracker,coke,soda,hering,
olives,ice_crea,artichok,turkey,heineken,bourbon,coke,
olives,ice_crea,apples,turkey,peppers,bourbon,coke,
hering,steak,peppers,olives,bourbon,corned_b,apples,
baguette,heineken,avocado,cracker,turkey,soda,hering,
baguette,heineken,chicken,cracker,chicken,soda,hering,
baguette,heineken,cracker,artichok,chicken,hering,avocado,
corned_b,chicken,soda,cracker,olives,peppers,bourbon,
baguette,heineken,sardines,cracker,peppers,soda,hering,
baguette,heineken,peppers,artichok,steak,hering,avocado,
baguette,heineken,coke,artichok,ice_crea,hering,avocado,
hering,steak,baguette,olives,ice_crea,corned_b,apples,
baguette,heineken,apples,artichok,peppers,hering,avocado,
baguette,heineken,bourbon,artichok,turkey,hering,avocado,
corned_b,chicken,hering,cracker,apples,peppers,bourbon,
avocado,ham,bourbon,heineken,ice_crea,cracker,artichok,
baguette,heineken,avocado,cracker,chicken,soda,hering,
avocado,ham,peppers,heineken,corned_b,cracker,artichok,
sardines,ice_crea,artichok,coke,artichok,heineken,chicken,
hering,steak,cracker,olives,ice_crea,corned_b,apples,
soda,heineken,turkey,cracker,avocado,olives,bourbon,
corned_b,chicken,steak,cracker,ice_crea,peppers,bourbon,
avocado,ham,coke,heineken,ice_crea,cracker,artichok,
baguette,heineken,bordeaux,artichok,coke,hering,avocado,
sardines,ice_crea,baguette,coke,hering,heineken,chicken,
hering,steak,avocado,olives,artichok,corned_b,apples,
baguette,avocado,soda,peppers,steak,sardines,apples,
avocado,ham,chicken,heineken,chicken,cracker,artichok,
corned_b,chicken,baguette,cracker,ham,peppers,bourbon,
hering,turkey,bourbon,ham,sardines,corned_b,olives,
hering,turkey,cracker,ham,avocado,corned_b,olives,
hering,steak,sardines,olives,turkey,corned_b,apples,
soda,heineken,avocado,cracker,avocado,olives,bourbon,
hering,turkey,bourbon,ham,chicken,corned_b,olives,
avocado,ham,hering,heineken,soda,cracker,artichok,
soda,heineken,ice_crea,cracker,ice_crea,olives,bourbon,
sardines,ice_crea,corned_b,coke,peppers,heineken,chicken,
baguette,heineken,olives,artichok,chicken,hering,avocado,
baguette,avocado,ice_crea,peppers,coke,sardines,apples,
hering,turkey,cracker,ham,steak,corned_b,olives,
baguette,heineken,ice_crea,artichok,ham,hering,avocado,
corned_b,chicken,hering,cracker,artichok,peppers,bourbon,
hering,turkey,steak,ham,chicken,corned_b,olives,
sardines,ice_crea,soda,coke,apples,heineken,chicken,
baguette,avocado,artichok,peppers,soda,sardines,apples,
baguette,avocado,ham,peppers,coke,sardines,apples,
sardines,ice_crea,bordeaux,coke,turkey,heineken,chicken,
baguette,avocado,steak,peppers,coke,sardines,apples,
sardines,ice_crea,peppers,coke,ham,heineken,chicken,
hering,steak,chicken,olives,avocado,corned_b,apples,
hering,steak,ice_crea,olives,coke,corned_b,apples,
baguette,heineken,turkey,artichok,apples,hering,avocado,
avocado,ham,bordeaux,heineken,chicken,cracker,artichok,
olives,ice_crea,sardines,turkey,avocado,bourbon,coke,
baguette,avocado,coke,peppers,chicken,sardines,apples,
baguette,heineken,artichok,cracker,avocado,soda,hering,
soda,heineken,baguette,cracker,peppers,olives,bourbon,
avocado,ham,steak,heineken,soda,cracker,artichok,
corned_b,chicken,baguette,cracker,hering,peppers,bourbon,
baguette,avocado,soda,peppers,chicken,sardines,apples,
corned_b,chicken,sardines,cracker,olives,peppers,bourbon,
baguette,avocado,bourbon,peppers,bourbon,sardines,apples,
baguette,heineken,sardines,artichok,corned_b,hering,avocado,
soda,heineken,steak,cracker,hering,olives,bourbon,
avocado,ham,bourbon,heineken,soda,cracker,artichok,
soda,heineken,turkey,cracker,hering,olives,bourbon,
corned_b,chicken,apples,cracker,steak,peppers,bourbon,
baguette,heineken,apples,artichok,soda,hering,avocado,
baguette,heineken,artichok,cracker,avocado,soda,hering,
avocado,ham,ice_crea,heineken,sardines,cracker,artichok,
corned_b,chicken,steak,cracker,baguette,peppers,bourbon,
soda,heineken,chicken,cracker,apples,olives,bourbon,
soda,heineken,apples,cracker,artichok,olives,bourbon,
hering,steak,turkey,olives,coke,corned_b,apples,
olives,ice_crea,artichok,turkey,ham,bourbon,coke,
baguette,avocado,corned_b,peppers,chicken,sardines,apples,
soda,heineken,peppers,cracker,artichok,olives,bourbon,
soda,heineken,corned_b,cracker,artichok,olives,bourbon,
baguette,heineken,sardines,cracker,artichok,soda,hering,
hering,steak,ham,olives,ice_crea,corned_b,apples,
baguette,heineken,ham,artichok,bourbon,hering,avocado,
corned_b,chicken,soda,cracker,ice_crea,peppers,bourbon,
soda,heineken,hering,cracker,chicken,olives,bourbon,
soda,heineken,steak,cracker,hering,olives,bourbon,
avocado,ham,chicken,heineken,corned_b,cracker,artichok,
corned_b,chicken,ham,cracker,soda,peppers,bourbon,
hering,steak,soda,olives,coke,corned_b,apples,
soda,heineken,artichok,cracker,hering,olives,bourbon,
baguette,avocado,hering,peppers,bourbon,sardines,apples,
sardines,ice_crea,hering,coke,cracker,heineken,chicken,
sardines,ice_crea,apples,coke,artichok,heineken,chicken,
avocado,ham,soda,heineken,coke,cracker,artichok,
hering,turkey,heineken,ham,cracker,corned_b,olives,
baguette,heineken,chicken,artichok,bourbon,hering,avocado,
baguette,heineken,ice_crea,cracker,apples,soda,hering,
baguette,heineken,bourbon,artichok,bourbon,hering,avocado,
sardines,ice_crea,apples,coke,baguette,heineken,chicken,
baguette,heineken,soda,artichok,ice_crea,hering,avocado,
baguette,heineken,ice_crea,cracker,steak,soda,hering,
corned_b,chicken,ham,cracker,steak,peppers,bourbon,
sardines,ice_crea,hering,coke,olives,heineken,chicken,
baguette,heineken,sardines,cracker,artichok,soda,hering,
corned_b,chicken,soda,cracker,ham,peppers,bourbon,
avocado,ham,steak,heineken,steak,cracker,artichok,
corned_b,chicken,turkey,cracker,ice_crea,peppers,bourbon,
hering,turkey,avocado,ham,baguette,corned_b,olives,
baguette,heineken,apples,cracker,coke,soda,hering,
baguette,avocado,heineken,peppers,ice_crea,sardines,apples,
hering,turkey,bourbon,ham,peppers,corned_b,olives,
olives,ice_crea,baguette,turkey,steak,bourbon,coke,
baguette,avocado,bourbon,peppers,bourbon,sardines,apples,
soda,heineken,peppers,cracker,baguette,olives,bourbon,
corned_b,chicken,coke,cracker,soda,peppers,bourbon,
baguette,heineken,coke,artichok,ham,hering,avocado,
sardines,ice_crea,bourbon,coke,artichok,heineken,chicken,
sardines,ice_crea,avocado,coke,olives,heineken,chicken,
sardines,ice_crea,cracker,coke,apples,heineken,chicken,
hering,steak,cracker,olives,chicken,corned_b,apples,
hering,steak,avocado,olives,bourbon,corned_b,apples,
